dataset,model_id,model_label,release_date,family,provider,learner,n_rows,n_cols,n_classes,accuracy,balanced_accuracy,f1_macro,f1_weighted,error_rate,fit_time_s,log_loss,roc_auc,roc_auc_ovr
adult,gpt-4o,GPT-4o,2024-05-13,GPT-4,openai,promptlearn,2000,14,2,0.766,0.5288186312776477,0.49267632749694307,0.6833326222129719,0.23399999999999999,16.87,,,
adult,gpt-4o,GPT-4o,2024-05-13,GPT-4,openai,logreg,2000,14,2,0.86,0.7908318154219793,0.8023715415019763,0.8570118577075099,0.14,0.04,0.33394614404686684,0.8939847341486685,
adult,gpt-4o,GPT-4o,2024-05-13,GPT-4,openai,xgboost,2000,14,2,0.872,0.80431954202446,0.8181983456049451,0.8688351968002909,0.128,0.39,0.32798755168914795,0.9030705178246162,
credit-g,gpt-4o,GPT-4o,2024-05-13,GPT-4,openai,promptlearn,1000,20,2,0.356,0.49047619047619045,0.34312525499796004,0.3063402692778458,0.644,18.69,,,
credit-g,gpt-4o,GPT-4o,2024-05-13,GPT-4,openai,logreg,1000,20,2,0.724,0.6428571428571429,0.649923896499239,0.714337899543379,0.276,0.04,0.5215249559996268,0.7748571428571429,
credit-g,gpt-4o,GPT-4o,2024-05-13,GPT-4,openai,xgboost,1000,20,2,0.768,0.6857142857142857,0.6985446985446986,0.7564241164241166,0.23199999999999998,0.37,0.5478785634040833,0.7715047619047619,
bank-marketing,gpt-4o,GPT-4o,2024-05-13,GPT-4,openai,promptlearn,2000,16,2,0.796,0.5858742082780969,0.5764119601328903,0.8057594684385382,0.20399999999999996,9.28,,,
bank-marketing,gpt-4o,GPT-4o,2024-05-13,GPT-4,openai,logreg,2000,16,2,0.868,0.6062012078362056,0.6266799402687905,0.8523922349427577,0.132,0.03,0.2748180578146323,0.8805052290469878,
bank-marketing,gpt-4o,GPT-4o,2024-05-13,GPT-4,openai,xgboost,2000,16,2,0.866,0.6258285461776403,0.6435222133546156,0.8552985368449055,0.134,0.05,0.3113917112350464,0.8533289144203859,
mushroom,gpt-4o,GPT-4o,2024-05-13,GPT-4,openai,promptlearn,2000,22,2,0.524,0.5122950819672131,0.36533333333333334,0.3729493333333333,0.476,20.66,,,
mushroom,gpt-4o,GPT-4o,2024-05-13,GPT-4,openai,logreg,2000,22,2,1.0,1.0,1.0,1.0,0.0,0.03,0.01348994363039534,1.0,
mushroom,gpt-4o,GPT-4o,2024-05-13,GPT-4,openai,xgboost,2000,22,2,1.0,1.0,1.0,1.0,0.0,0.06,0.0030644212383776903,1.0,
car,gpt-4o,GPT-4o,2024-05-13,GPT-4,openai,promptlearn,1728,6,4,0.6574074074074074,0.31866385167928557,0.3051746366619784,0.6406494178777934,0.34259259259259256,9.34,,,
car,gpt-4o,GPT-4o,2024-05-13,GPT-4,openai,logreg,1728,6,4,0.9097222222222222,0.7727276863715783,0.7871440397350994,0.907924944812362,0.09027777777777779,0.02,0.20563063396817768,,0.9902566157872431
car,gpt-4o,GPT-4o,2024-05-13,GPT-4,openai,xgboost,1728,6,4,0.9837962962962963,0.9924453382838284,0.9882049376251087,0.9839345239603482,0.01620370370370372,0.14,0.060274917632341385,,0.9995327894630202
nursery,gpt-4o,GPT-4o,2024-05-13,GPT-4,openai,promptlearn,2000,8,4,0.39,0.29997124233128836,0.24743248814677388,0.3207731766646052,0.61,7.77,,,
nursery,gpt-4o,GPT-4o,2024-05-13,GPT-4,openai,logreg,2000,8,4,0.932,0.8005683063102542,0.8366888518317738,0.9286703769612118,0.06799999999999995,0.03,0.1921312670297224,,0.9897957062673379
nursery,gpt-4o,GPT-4o,2024-05-13,GPT-4,openai,xgboost,2000,8,4,0.988,0.9744741454864154,0.974398052296603,0.9879748485545587,0.01200000000000001,0.09,0.04765864461660385,,0.9996801734366441
vote,gpt-4o,GPT-4o,2024-05-13,GPT-4,openai,promptlearn,435,16,2,0.5963302752293578,0.5161691542288557,0.4831896551724138,0.5386507434356216,0.4036697247706422,13.64,,,
vote,gpt-4o,GPT-4o,2024-05-13,GPT-4,openai,logreg,435,16,2,0.9724770642201835,0.9731698649609097,0.9710747456877488,0.9725354941590348,0.02752293577981646,0.03,0.09184150876618392,0.996090973702914,
vote,gpt-4o,GPT-4o,2024-05-13,GPT-4,openai,xgboost,435,16,2,0.981651376146789,0.9806325515280738,0.9806325515280738,0.981651376146789,0.01834862385321101,0.04,0.1058640405535698,0.9879175550817341,
tic-tac-toe,gpt-4o,GPT-4o,2024-05-13,GPT-4,openai,promptlearn,958,9,2,1.0,1.0,1.0,1.0,0.0,12.08,,,
tic-tac-toe,gpt-4o,GPT-4o,2024-05-13,GPT-4,openai,logreg,958,9,2,0.9791666666666666,0.9698795180722892,0.9766350590938297,0.9790064383392719,0.02083333333333337,0.02,0.21805792440320423,0.9864170056020259,
tic-tac-toe,gpt-4o,GPT-4o,2024-05-13,GPT-4,openai,xgboost,958,9,2,0.9958333333333333,0.9939759036144578,0.9953823953823954,0.9958273208273208,0.004166666666666652,0.04,0.048983704298734665,1.0,
kr-vs-kp,gpt-4o,GPT-4o,2024-05-13,GPT-4,openai,promptlearn,2000,36,2,0.504,0.5113782051282051,0.49029086305266445,0.48694717111429,0.496,8.29,,,
kr-vs-kp,gpt-4o,GPT-4o,2024-05-13,GPT-4,openai,logreg,2000,36,2,0.964,0.9639423076923077,0.9639423076923077,0.964,0.03600000000000003,0.04,0.11153865948464041,0.9953846153846153,
kr-vs-kp,gpt-4o,GPT-4o,2024-05-13,GPT-4,openai,xgboost,2000,36,2,0.992,0.9916666666666667,0.9919815254346014,0.9919969209057669,0.008000000000000007,0.06,0.04252111166715622,0.9998557692307692,
monks-2,gpt-4o,GPT-4o,2024-05-13,GPT-4,openai,promptlearn,601,6,2,0.6357615894039735,0.5076728826728827,0.4608893216488153,0.5564590493754715,0.36423841059602646,11.8,,,
monks-2,gpt-4o,GPT-4o,2024-05-13,GPT-4,openai,logreg,601,6,2,0.5827814569536424,0.4444444444444444,0.3682008368200837,0.4828063953005071,0.41721854304635764,0.02,0.6614513474582837,0.5184537684537684,
monks-2,gpt-4o,GPT-4o,2024-05-13,GPT-4,openai,xgboost,601,6,2,0.9006622516556292,0.905982905982906,0.8931654167256262,0.9019741977683796,0.09933774834437081,0.03,0.2855679988861084,0.9489121989121989,
soybean,gpt-4o,GPT-4o,2024-05-13,GPT-4,openai,promptlearn,683,35,19,0.05847953216374269,0.07121905554399834,0.057004830917874394,0.04646721473571207,0.9415204678362573,16.33,,,
soybean,gpt-4o,GPT-4o,2024-05-13,GPT-4,openai,logreg,683,35,19,0.8771929824561403,0.9189931350114415,0.9246294551382719,0.8782737486892376,0.1228070175438597,0.09,0.28947136843678234,,0.9971611226897819
soybean,gpt-4o,GPT-4o,2024-05-13,GPT-4,openai,xgboost,683,35,19,0.9122807017543859,0.9244851258581236,0.9370323675815666,0.9132366644571069,0.08771929824561409,0.47,0.2647865116596222,,0.997196554167688
hepatitis,gpt-4o,GPT-4o,2024-05-13,GPT-4,openai,promptlearn,155,19,2,0.5897435897435898,0.7419354838709677,0.5760869565217391,0.6209587513935341,0.41025641025641024,12.83,,,
hepatitis,gpt-4o,GPT-4o,2024-05-13,GPT-4,openai,logreg,155,19,2,0.8717948717948718,0.780241935483871,0.7936507936507936,0.8685388685388685,0.1282051282051282,0.04,0.3412437213472291,0.8991935483870968,
hepatitis,gpt-4o,GPT-4o,2024-05-13,GPT-4,openai,xgboost,155,19,2,0.8461538461538461,0.7641129032258065,0.7641129032258065,0.8461538461538461,0.15384615384615385,0.21,0.40912771224975586,0.8669354838709677,
lymph,gpt-4o,GPT-4o,2024-05-13,GPT-4,openai,promptlearn,148,18,4,0.02702702702702703,0.25,0.014285714285714285,0.0015444015444015444,0.972972972972973,25.6,,,
lymph,gpt-4o,GPT-4o,2024-05-13,GPT-4,openai,logreg,148,18,4,0.8648648648648649,0.6875,0.6852159468438539,0.8522043638322708,0.1351351351351351,0.03,0.28254349154122393,,0.9814171122994653
lymph,gpt-4o,GPT-4o,2024-05-13,GPT-4,openai,xgboost,148,18,4,0.8918918918918919,0.7041666666666666,0.7003284072249589,0.8795544312785692,0.10810810810810811,0.07,0.4461190402507782,,0.8960710041592395
adult,gpt-4o-mini,GPT-4o mini,2024-07-18,GPT-4,openai,promptlearn,2000,14,2,0.798,0.6637826350941105,0.6831849635192191,0.7808349613234714,0.20199999999999996,36.84,,,
adult,gpt-4o-mini,GPT-4o mini,2024-07-18,GPT-4,openai,logreg,2000,14,2,0.86,0.7908318154219793,0.8023715415019763,0.8570118577075099,0.14,0.03,0.33394614404686684,0.8939847341486685,
adult,gpt-4o-mini,GPT-4o mini,2024-07-18,GPT-4,openai,xgboost,2000,14,2,0.872,0.80431954202446,0.8181983456049451,0.8688351968002909,0.128,0.05,0.32798755168914795,0.9030705178246162,
credit-g,gpt-4o-mini,GPT-4o mini,2024-07-18,GPT-4,openai,promptlearn,1000,20,2,0.592,0.5104761904761905,0.5105190417690417,0.5904023341523341,0.40800000000000003,32.26,,,
credit-g,gpt-4o-mini,GPT-4o mini,2024-07-18,GPT-4,openai,logreg,1000,20,2,0.724,0.6428571428571429,0.649923896499239,0.714337899543379,0.276,0.03,0.5215249559996268,0.7748571428571429,
credit-g,gpt-4o-mini,GPT-4o mini,2024-07-18,GPT-4,openai,xgboost,1000,20,2,0.768,0.6857142857142857,0.6985446985446986,0.7564241164241166,0.23199999999999998,0.05,0.5478785634040833,0.7715047619047619,
bank-marketing,gpt-4o-mini,GPT-4o mini,2024-07-18,GPT-4,openai,logreg,2000,16,2,0.868,0.6062012078362056,0.6266799402687905,0.8523922349427577,0.132,0.03,0.2748180578146323,0.8805052290469878,
bank-marketing,gpt-4o-mini,GPT-4o mini,2024-07-18,GPT-4,openai,xgboost,2000,16,2,0.866,0.6258285461776403,0.6435222133546156,0.8552985368449055,0.134,0.05,0.3113917112350464,0.8533289144203859,
mushroom,gpt-4o-mini,GPT-4o mini,2024-07-18,GPT-4,openai,promptlearn,2000,22,2,0.512,0.5,0.3386243386243386,0.34675132275132275,0.488,29.89,,,
mushroom,gpt-4o-mini,GPT-4o mini,2024-07-18,GPT-4,openai,logreg,2000,22,2,1.0,1.0,1.0,1.0,0.0,0.03,0.01348994363039534,1.0,
mushroom,gpt-4o-mini,GPT-4o mini,2024-07-18,GPT-4,openai,xgboost,2000,22,2,1.0,1.0,1.0,1.0,0.0,0.06,0.0030644212383776903,1.0,
car,gpt-4o-mini,GPT-4o mini,2024-07-18,GPT-4,openai,promptlearn,1728,6,4,0.2777777777777778,0.1694695204814599,0.16123202135196138,0.3367593370591871,0.7222222222222222,17.05,,,
car,gpt-4o-mini,GPT-4o mini,2024-07-18,GPT-4,openai,logreg,1728,6,4,0.9097222222222222,0.7727276863715783,0.7871440397350994,0.907924944812362,0.09027777777777779,0.02,0.20563063396817768,,0.9902566157872431
car,gpt-4o-mini,GPT-4o mini,2024-07-18,GPT-4,openai,xgboost,1728,6,4,0.9837962962962963,0.9924453382838284,0.9882049376251087,0.9839345239603482,0.01620370370370372,0.09,0.060274917632341385,,0.9995327894630202
nursery,gpt-4o-mini,GPT-4o mini,2024-07-18,GPT-4,openai,promptlearn,2000,8,4,0.282,0.21717791411042947,0.2195519791213571,0.28445846020008697,0.718,14.04,,,
nursery,gpt-4o-mini,GPT-4o mini,2024-07-18,GPT-4,openai,logreg,2000,8,4,0.932,0.8005683063102542,0.8366888518317738,0.9286703769612118,0.06799999999999995,0.03,0.1921312670297224,,0.9897957062673379
nursery,gpt-4o-mini,GPT-4o mini,2024-07-18,GPT-4,openai,xgboost,2000,8,4,0.988,0.9744741454864154,0.974398052296603,0.9879748485545587,0.01200000000000001,0.09,0.04765864461660385,,0.9996801734366441
vote,gpt-4o-mini,GPT-4o mini,2024-07-18,GPT-4,openai,promptlearn,435,16,2,0.6146788990825688,0.5,0.3806818181818182,0.4679941618015012,0.3853211009174312,18.83,,,
vote,gpt-4o-mini,GPT-4o mini,2024-07-18,GPT-4,openai,logreg,435,16,2,0.9724770642201835,0.9731698649609097,0.9710747456877488,0.9725354941590348,0.02752293577981646,0.03,0.09184150876618392,0.996090973702914,
vote,gpt-4o-mini,GPT-4o mini,2024-07-18,GPT-4,openai,xgboost,435,16,2,0.981651376146789,0.9806325515280738,0.9806325515280738,0.981651376146789,0.01834862385321101,0.05,0.1058640405535698,0.9879175550817341,
tic-tac-toe,gpt-4o-mini,GPT-4o mini,2024-07-18,GPT-4,openai,promptlearn,958,9,2,0.5541666666666667,0.5768935615071752,0.5492759982448443,0.5637523767734386,0.4458333333333333,13.0,,,
tic-tac-toe,gpt-4o-mini,GPT-4o mini,2024-07-18,GPT-4,openai,logreg,958,9,2,0.9791666666666666,0.9698795180722892,0.9766350590938297,0.9790064383392719,0.02083333333333337,0.02,0.21805792440320423,0.9864170056020259,
tic-tac-toe,gpt-4o-mini,GPT-4o mini,2024-07-18,GPT-4,openai,xgboost,958,9,2,0.9958333333333333,0.9939759036144578,0.9953823953823954,0.9958273208273208,0.004166666666666652,0.04,0.048983704298734665,1.0,
kr-vs-kp,gpt-4o-mini,GPT-4o mini,2024-07-18,GPT-4,openai,promptlearn,2000,36,2,0.48,0.5,0.32432432432432434,0.31135135135135134,0.52,29.24,,,
kr-vs-kp,gpt-4o-mini,GPT-4o mini,2024-07-18,GPT-4,openai,logreg,2000,36,2,0.964,0.9639423076923077,0.9639423076923077,0.964,0.03600000000000003,0.05,0.11153865948464041,0.9953846153846153,
kr-vs-kp,gpt-4o-mini,GPT-4o mini,2024-07-18,GPT-4,openai,xgboost,2000,36,2,0.992,0.9916666666666667,0.9919815254346014,0.9919969209057669,0.008000000000000007,0.06,0.04252111166715622,0.9998557692307692,
monks-2,gpt-4o-mini,GPT-4o mini,2024-07-18,GPT-4,openai,promptlearn,601,6,2,0.6556291390728477,0.5045648795648796,0.4136798088410991,0.5309129894688536,0.3443708609271523,19.51,,,
monks-2,gpt-4o-mini,GPT-4o mini,2024-07-18,GPT-4,openai,logreg,601,6,2,0.5827814569536424,0.4444444444444444,0.3682008368200837,0.4828063953005071,0.41721854304635764,0.01,0.6614513474582837,0.5184537684537684,
monks-2,gpt-4o-mini,GPT-4o mini,2024-07-18,GPT-4,openai,xgboost,601,6,2,0.9006622516556292,0.905982905982906,0.8931654167256262,0.9019741977683796,0.09933774834437081,0.03,0.2855679988861084,0.9489121989121989,
soybean,gpt-4o-mini,GPT-4o mini,2024-07-18,GPT-4,openai,promptlearn,683,35,19,0.1111111111111111,0.09205325566881632,0.03949303082267071,0.0738331696688114,0.8888888888888888,34.83,,,
soybean,gpt-4o-mini,GPT-4o mini,2024-07-18,GPT-4,openai,logreg,683,35,19,0.8771929824561403,0.9189931350114415,0.9246294551382719,0.8782737486892376,0.1228070175438597,0.09,0.28947136843678234,,0.9971611226897819
soybean,gpt-4o-mini,GPT-4o mini,2024-07-18,GPT-4,openai,xgboost,683,35,19,0.9122807017543859,0.9244851258581236,0.9370323675815666,0.9132366644571069,0.08771929824561409,0.26,0.2647865116596222,,0.997196554167688
hepatitis,gpt-4o-mini,GPT-4o mini,2024-07-18,GPT-4,openai,promptlearn,155,19,2,0.1794871794871795,0.25201612903225806,0.17894736842105263,0.1913630229419703,0.8205128205128205,28.61,,,
hepatitis,gpt-4o-mini,GPT-4o mini,2024-07-18,GPT-4,openai,logreg,155,19,2,0.8717948717948718,0.780241935483871,0.7936507936507936,0.8685388685388685,0.1282051282051282,0.02,0.3412437213472291,0.8991935483870968,
hepatitis,gpt-4o-mini,GPT-4o mini,2024-07-18,GPT-4,openai,xgboost,155,19,2,0.8461538461538461,0.7641129032258065,0.7641129032258065,0.8461538461538461,0.15384615384615385,0.03,0.40912771224975586,0.8669354838709677,
lymph,gpt-4o-mini,GPT-4o mini,2024-07-18,GPT-4,openai,promptlearn,148,18,4,0.32432432432432434,0.19166666666666665,0.14814814814814814,0.2602602602602603,0.6756756756756757,23.7,,,
lymph,gpt-4o-mini,GPT-4o mini,2024-07-18,GPT-4,openai,logreg,148,18,4,0.8648648648648649,0.6875,0.6852159468438539,0.8522043638322708,0.1351351351351351,0.04,0.28254349154122393,,0.9814171122994653
lymph,gpt-4o-mini,GPT-4o mini,2024-07-18,GPT-4,openai,xgboost,148,18,4,0.8918918918918919,0.7041666666666666,0.7003284072249589,0.8795544312785692,0.10810810810810811,0.1,0.4461190402507782,,0.8960710041592395
adult,gpt-4.1,GPT-4.1,2025-04-14,GPT-4.1,openai,promptlearn,2000,14,2,0.744,0.7335415040333073,0.696388925786068,0.7579466783050911,0.256,31.37,,,
adult,gpt-4.1,GPT-4.1,2025-04-14,GPT-4.1,openai,logreg,2000,14,2,0.86,0.7908318154219793,0.8023715415019763,0.8570118577075099,0.14,0.03,0.33394614404686684,0.8939847341486685,
adult,gpt-4.1,GPT-4.1,2025-04-14,GPT-4.1,openai,xgboost,2000,14,2,0.872,0.80431954202446,0.8181983456049451,0.8688351968002909,0.128,0.05,0.32798755168914795,0.9030705178246162,
credit-g,gpt-4.1,GPT-4.1,2025-04-14,GPT-4.1,openai,promptlearn,1000,20,2,0.468,0.45999999999999996,0.4448989131705037,0.4901951618557906,0.532,36.48,,,
credit-g,gpt-4.1,GPT-4.1,2025-04-14,GPT-4.1,openai,logreg,1000,20,2,0.724,0.6428571428571429,0.649923896499239,0.714337899543379,0.276,0.03,0.5215249559996268,0.7748571428571429,
credit-g,gpt-4.1,GPT-4.1,2025-04-14,GPT-4.1,openai,xgboost,1000,20,2,0.768,0.6857142857142857,0.6985446985446986,0.7564241164241166,0.23199999999999998,0.05,0.5478785634040833,0.7715047619047619,
bank-marketing,gpt-4.1,GPT-4.1,2025-04-14,GPT-4.1,openai,promptlearn,2000,16,2,0.68,0.7065841802916483,0.5755878108819286,0.7338901621254563,0.31999999999999995,41.75,,,
bank-marketing,gpt-4.1,GPT-4.1,2025-04-14,GPT-4.1,openai,logreg,2000,16,2,0.868,0.6062012078362056,0.6266799402687905,0.8523922349427577,0.132,0.03,0.2748180578146323,0.8805052290469878,
bank-marketing,gpt-4.1,GPT-4.1,2025-04-14,GPT-4.1,openai,xgboost,2000,16,2,0.866,0.6258285461776403,0.6435222133546156,0.8552985368449055,0.134,0.06,0.3113917112350464,0.8533289144203859,
mushroom,gpt-4.1,GPT-4.1,2025-04-14,GPT-4.1,openai,promptlearn,2000,22,2,0.098,0.09618340163934426,0.0924786400460401,0.09417752003187391,0.902,66.81,,,
mushroom,gpt-4.1,GPT-4.1,2025-04-14,GPT-4.1,openai,logreg,2000,22,2,1.0,1.0,1.0,1.0,0.0,0.03,0.01348994363039534,1.0,
mushroom,gpt-4.1,GPT-4.1,2025-04-14,GPT-4.1,openai,xgboost,2000,22,2,1.0,1.0,1.0,1.0,0.0,0.05,0.0030644212383776903,1.0,
car,gpt-4.1,GPT-4.1,2025-04-14,GPT-4.1,openai,promptlearn,1728,6,4,0.7916666666666666,0.6186056105610561,0.5340106897942719,0.7882970812852654,0.20833333333333337,27.43,,,
car,gpt-4.1,GPT-4.1,2025-04-14,GPT-4.1,openai,logreg,1728,6,4,0.9097222222222222,0.7727276863715783,0.7871440397350994,0.907924944812362,0.09027777777777779,0.03,0.20563063396817768,,0.9902566157872431
car,gpt-4.1,GPT-4.1,2025-04-14,GPT-4.1,openai,xgboost,1728,6,4,0.9837962962962963,0.9924453382838284,0.9882049376251087,0.9839345239603482,0.01620370370370372,0.09,0.060274917632341385,,0.9995327894630202
nursery,gpt-4.1,GPT-4.1,2025-04-14,GPT-4.1,openai,promptlearn,2000,8,4,0.316,0.26095530236634534,0.2196829003522738,0.25586845960912863,0.6839999999999999,21.7,,,
nursery,gpt-4.1,GPT-4.1,2025-04-14,GPT-4.1,openai,logreg,2000,8,4,0.932,0.8005683063102542,0.8366888518317738,0.9286703769612118,0.06799999999999995,0.03,0.1921312670297224,,0.9897957062673379
nursery,gpt-4.1,GPT-4.1,2025-04-14,GPT-4.1,openai,xgboost,2000,8,4,0.988,0.9744741454864154,0.974398052296603,0.9879748485545587,0.01200000000000001,0.09,0.04765864461660385,,0.9996801734366441
vote,gpt-4.1,GPT-4.1,2025-04-14,GPT-4.1,openai,promptlearn,435,16,2,0.46788990825688076,0.46055437100213215,0.45761839396019216,0.47473758445467307,0.5321100917431192,10.25,,,
vote,gpt-4.1,GPT-4.1,2025-04-14,GPT-4.1,openai,logreg,435,16,2,0.9724770642201835,0.9731698649609097,0.9710747456877488,0.9725354941590348,0.02752293577981646,0.03,0.09184150876618392,0.996090973702914,
vote,gpt-4.1,GPT-4.1,2025-04-14,GPT-4.1,openai,xgboost,435,16,2,0.981651376146789,0.9806325515280738,0.9806325515280738,0.981651376146789,0.01834862385321101,0.04,0.1058640405535698,0.9879175550817341,
tic-tac-toe,gpt-4.1,GPT-4.1,2025-04-14,GPT-4.1,openai,promptlearn,958,9,2,1.0,1.0,1.0,1.0,0.0,10.09,,,
tic-tac-toe,gpt-4.1,GPT-4.1,2025-04-14,GPT-4.1,openai,logreg,958,9,2,0.9791666666666666,0.9698795180722892,0.9766350590938297,0.9790064383392719,0.02083333333333337,0.02,0.21805792440320423,0.9864170056020259,
tic-tac-toe,gpt-4.1,GPT-4.1,2025-04-14,GPT-4.1,openai,xgboost,958,9,2,0.9958333333333333,0.9939759036144578,0.9953823953823954,0.9958273208273208,0.004166666666666652,0.04,0.048983704298734665,1.0,
kr-vs-kp,gpt-4.1,GPT-4.1,2025-04-14,GPT-4.1,openai,promptlearn,2000,36,2,0.538,0.5395833333333333,0.5378502634853692,0.5375175156750787,0.46199999999999997,22.08,,,
kr-vs-kp,gpt-4.1,GPT-4.1,2025-04-14,GPT-4.1,openai,logreg,2000,36,2,0.964,0.9639423076923077,0.9639423076923077,0.964,0.03600000000000003,0.04,0.11153865948464041,0.9953846153846153,
kr-vs-kp,gpt-4.1,GPT-4.1,2025-04-14,GPT-4.1,openai,xgboost,2000,36,2,0.992,0.9916666666666667,0.9919815254346014,0.9919969209057669,0.008000000000000007,0.06,0.04252111166715622,0.9998557692307692,
monks-2,gpt-4.1,GPT-4.1,2025-04-14,GPT-4.1,openai,promptlearn,601,6,2,0.5033112582781457,0.497960372960373,0.488135593220339,0.5155685262094512,0.4966887417218543,14.15,,,
monks-2,gpt-4.1,GPT-4.1,2025-04-14,GPT-4.1,openai,logreg,601,6,2,0.5827814569536424,0.4444444444444444,0.3682008368200837,0.4828063953005071,0.41721854304635764,0.02,0.6614513474582837,0.5184537684537684,
monks-2,gpt-4.1,GPT-4.1,2025-04-14,GPT-4.1,openai,xgboost,601,6,2,0.9006622516556292,0.905982905982906,0.8931654167256262,0.9019741977683796,0.09933774834437081,0.03,0.2855679988861084,0.9489121989121989,
soybean,gpt-4.1,GPT-4.1,2025-04-14,GPT-4.1,openai,promptlearn,683,35,19,0.27485380116959063,0.16070314125234036,0.10909930328212876,0.2047529776061632,0.7251461988304093,51.97,,,
soybean,gpt-4.1,GPT-4.1,2025-04-14,GPT-4.1,openai,logreg,683,35,19,0.8771929824561403,0.9189931350114415,0.9246294551382719,0.8782737486892376,0.1228070175438597,0.08,0.28947136843678234,,0.9971611226897819
soybean,gpt-4.1,GPT-4.1,2025-04-14,GPT-4.1,openai,xgboost,683,35,19,0.9122807017543859,0.9244851258581236,0.9370323675815666,0.9132366644571069,0.08771929824561409,0.23,0.2647865116596222,,0.997196554167688
hepatitis,gpt-4.1,GPT-4.1,2025-04-14,GPT-4.1,openai,promptlearn,155,19,2,0.7948717948717948,0.8245967741935484,0.7467532467532467,0.8118548118548118,0.20512820512820518,34.68,,,
hepatitis,gpt-4.1,GPT-4.1,2025-04-14,GPT-4.1,openai,logreg,155,19,2,0.8717948717948718,0.780241935483871,0.7936507936507936,0.8685388685388685,0.1282051282051282,0.03,0.3412437213472291,0.8991935483870968,
hepatitis,gpt-4.1,GPT-4.1,2025-04-14,GPT-4.1,openai,xgboost,155,19,2,0.8461538461538461,0.7641129032258065,0.7641129032258065,0.8461538461538461,0.15384615384615385,0.04,0.40912771224975586,0.8669354838709677,
lymph,gpt-4.1,GPT-4.1,2025-04-14,GPT-4.1,openai,promptlearn,148,18,4,0.43243243243243246,0.5,0.3970588235294118,0.2655007949125596,0.5675675675675675,52.28,,,
lymph,gpt-4.1,GPT-4.1,2025-04-14,GPT-4.1,openai,logreg,148,18,4,0.8648648648648649,0.6875,0.6852159468438539,0.8522043638322708,0.1351351351351351,0.03,0.28254349154122393,,0.9814171122994653
lymph,gpt-4.1,GPT-4.1,2025-04-14,GPT-4.1,openai,xgboost,148,18,4,0.8918918918918919,0.7041666666666666,0.7003284072249589,0.8795544312785692,0.10810810810810811,0.06,0.4461190402507782,,0.8960710041592395
adult,gpt-5.4-mini,GPT-5.4 mini,2026-03-01,GPT-5,openai,promptlearn,2000,14,2,0.716,0.7455546881776389,0.6826900731153578,0.7353279822663974,0.28400000000000003,31.67,,,
adult,gpt-5.4-mini,GPT-5.4 mini,2026-03-01,GPT-5,openai,logreg,2000,14,2,0.86,0.7908318154219793,0.8023715415019763,0.8570118577075099,0.14,0.03,0.33394614404686684,0.8939847341486685,
adult,gpt-5.4-mini,GPT-5.4 mini,2026-03-01,GPT-5,openai,xgboost,2000,14,2,0.872,0.80431954202446,0.8181983456049451,0.8688351968002909,0.128,0.05,0.32798755168914795,0.9030705178246162,
credit-g,gpt-5.4-mini,GPT-5.4 mini,2026-03-01,GPT-5,openai,promptlearn,1000,20,2,0.492,0.4085714285714286,0.41041020593860844,0.4981411672949435,0.508,18.7,,,
credit-g,gpt-5.4-mini,GPT-5.4 mini,2026-03-01,GPT-5,openai,logreg,1000,20,2,0.724,0.6428571428571429,0.649923896499239,0.714337899543379,0.276,0.03,0.5215249559996268,0.7748571428571429,
credit-g,gpt-5.4-mini,GPT-5.4 mini,2026-03-01,GPT-5,openai,xgboost,1000,20,2,0.768,0.6857142857142857,0.6985446985446986,0.7564241164241166,0.23199999999999998,0.05,0.5478785634040833,0.7715047619047619,
bank-marketing,gpt-5.4-mini,GPT-5.4 mini,2026-03-01,GPT-5,openai,promptlearn,2000,16,2,0.872,0.6707909854175873,0.6831808641241931,0.8671083125420774,0.128,10.88,,,
bank-marketing,gpt-5.4-mini,GPT-5.4 mini,2026-03-01,GPT-5,openai,logreg,2000,16,2,0.868,0.6062012078362056,0.6266799402687905,0.8523922349427577,0.132,0.03,0.2748180578146323,0.8805052290469878,
bank-marketing,gpt-5.4-mini,GPT-5.4 mini,2026-03-01,GPT-5,openai,xgboost,2000,16,2,0.866,0.6258285461776403,0.6435222133546156,0.8552985368449055,0.134,0.05,0.3113917112350464,0.8533289144203859,
mushroom,gpt-5.4-mini,GPT-5.4 mini,2026-03-01,GPT-5,openai,promptlearn,2000,22,2,0.598,0.5980084528688525,0.5979211925537405,0.5980562910330425,0.402,15.28,,,
mushroom,gpt-5.4-mini,GPT-5.4 mini,2026-03-01,GPT-5,openai,logreg,2000,22,2,1.0,1.0,1.0,1.0,0.0,0.03,0.01348994363039534,1.0,
mushroom,gpt-5.4-mini,GPT-5.4 mini,2026-03-01,GPT-5,openai,xgboost,2000,22,2,1.0,1.0,1.0,1.0,0.0,0.05,0.0030644212383776903,1.0,
car,gpt-5.4-mini,GPT-5.4 mini,2026-03-01,GPT-5,openai,promptlearn,1728,6,4,0.5254629629629629,0.29603323383808966,0.2909120973828418,0.5414516002323806,0.4745370370370371,12.45,,,
car,gpt-5.4-mini,GPT-5.4 mini,2026-03-01,GPT-5,openai,logreg,1728,6,4,0.9097222222222222,0.7727276863715783,0.7871440397350994,0.907924944812362,0.09027777777777779,0.02,0.20563063396817768,,0.9902566157872431
car,gpt-5.4-mini,GPT-5.4 mini,2026-03-01,GPT-5,openai,xgboost,1728,6,4,0.9837962962962963,0.9924453382838284,0.9882049376251087,0.9839345239603482,0.01620370370370372,0.09,0.060274917632341385,,0.9995327894630202
nursery,gpt-5.4-mini,GPT-5.4 mini,2026-03-01,GPT-5,openai,promptlearn,2000,8,4,0.456,0.3850432734443471,0.3815475216564146,0.44864316574516216,0.544,7.27,,,
nursery,gpt-5.4-mini,GPT-5.4 mini,2026-03-01,GPT-5,openai,logreg,2000,8,4,0.932,0.8005683063102542,0.8366888518317738,0.9286703769612118,0.06799999999999995,0.03,0.1921312670297224,,0.9897957062673379
nursery,gpt-5.4-mini,GPT-5.4 mini,2026-03-01,GPT-5,openai,xgboost,2000,8,4,0.988,0.9744741454864154,0.974398052296603,0.9879748485545587,0.01200000000000001,0.1,0.04765864461660385,,0.9996801734366441
vote,gpt-5.4-mini,GPT-5.4 mini,2026-03-01,GPT-5,openai,promptlearn,435,16,2,0.4954128440366973,0.5051528073916134,0.4926800372344927,0.501220058491382,0.5045871559633027,7.06,,,
vote,gpt-5.4-mini,GPT-5.4 mini,2026-03-01,GPT-5,openai,logreg,435,16,2,0.9724770642201835,0.9731698649609097,0.9710747456877488,0.9725354941590348,0.02752293577981646,0.03,0.09184150876618392,0.996090973702914,
vote,gpt-5.4-mini,GPT-5.4 mini,2026-03-01,GPT-5,openai,xgboost,435,16,2,0.981651376146789,0.9806325515280738,0.9806325515280738,0.981651376146789,0.01834862385321101,0.04,0.1058640405535698,0.9879175550817341,
tic-tac-toe,gpt-5.4-mini,GPT-5.4 mini,2026-03-01,GPT-5,openai,promptlearn,958,9,2,0.9666666666666667,0.9603253779449006,0.9629515282494596,0.9665688998662139,0.033333333333333326,8.93,,,
tic-tac-toe,gpt-5.4-mini,GPT-5.4 mini,2026-03-01,GPT-5,openai,logreg,958,9,2,0.9791666666666666,0.9698795180722892,0.9766350590938297,0.9790064383392719,0.02083333333333337,0.02,0.21805792440320423,0.9864170056020259,
tic-tac-toe,gpt-5.4-mini,GPT-5.4 mini,2026-03-01,GPT-5,openai,xgboost,958,9,2,0.9958333333333333,0.9939759036144578,0.9953823953823954,0.9958273208273208,0.004166666666666652,0.04,0.048983704298734665,1.0,
kr-vs-kp,gpt-5.4-mini,GPT-5.4 mini,2026-03-01,GPT-5,openai,promptlearn,2000,36,2,0.468,0.47868589743589746,0.4331355701036552,0.42751227495908345,0.532,13.58,,,
kr-vs-kp,gpt-5.4-mini,GPT-5.4 mini,2026-03-01,GPT-5,openai,logreg,2000,36,2,0.964,0.9639423076923077,0.9639423076923077,0.964,0.03600000000000003,0.04,0.11153865948464041,0.9953846153846153,
kr-vs-kp,gpt-5.4-mini,GPT-5.4 mini,2026-03-01,GPT-5,openai,xgboost,2000,36,2,0.992,0.9916666666666667,0.9919815254346014,0.9919969209057669,0.008000000000000007,0.06,0.04252111166715622,0.9998557692307692,
monks-2,gpt-5.4-mini,GPT-5.4 mini,2026-03-01,GPT-5,openai,promptlearn,601,6,2,0.543046357615894,0.5145687645687645,0.5121505829470431,0.5503637779322008,0.45695364238410596,5.3,,,
monks-2,gpt-5.4-mini,GPT-5.4 mini,2026-03-01,GPT-5,openai,logreg,601,6,2,0.5827814569536424,0.4444444444444444,0.3682008368200837,0.4828063953005071,0.41721854304635764,0.02,0.6614513474582837,0.5184537684537684,
monks-2,gpt-5.4-mini,GPT-5.4 mini,2026-03-01,GPT-5,openai,xgboost,601,6,2,0.9006622516556292,0.905982905982906,0.8931654167256262,0.9019741977683796,0.09933774834437081,0.03,0.2855679988861084,0.9489121989121989,
soybean,gpt-5.4-mini,GPT-5.4 mini,2026-03-01,GPT-5,openai,promptlearn,683,35,19,0.34502923976608185,0.19891824422716872,0.17242919273329194,0.28106383995603745,0.6549707602339181,22.24,,,
soybean,gpt-5.4-mini,GPT-5.4 mini,2026-03-01,GPT-5,openai,logreg,683,35,19,0.8771929824561403,0.9189931350114415,0.9246294551382719,0.8782737486892376,0.1228070175438597,0.09,0.28947136843678234,,0.9971611226897819
soybean,gpt-5.4-mini,GPT-5.4 mini,2026-03-01,GPT-5,openai,xgboost,683,35,19,0.9122807017543859,0.9244851258581236,0.9370323675815666,0.9132366644571069,0.08771929824561409,0.23,0.2647865116596222,,0.997196554167688
hepatitis,gpt-5.4-mini,GPT-5.4 mini,2026-03-01,GPT-5,openai,promptlearn,155,19,2,0.6923076923076923,0.8064516129032258,0.6657142857142857,0.7213186813186814,0.3076923076923077,17.7,,,
hepatitis,gpt-5.4-mini,GPT-5.4 mini,2026-03-01,GPT-5,openai,logreg,155,19,2,0.8717948717948718,0.780241935483871,0.7936507936507936,0.8685388685388685,0.1282051282051282,0.03,0.3412437213472291,0.8991935483870968,
hepatitis,gpt-5.4-mini,GPT-5.4 mini,2026-03-01,GPT-5,openai,xgboost,155,19,2,0.8461538461538461,0.7641129032258065,0.7641129032258065,0.8461538461538461,0.15384615384615385,0.04,0.40912771224975586,0.8669354838709677,
lymph,gpt-5.4-mini,GPT-5.4 mini,2026-03-01,GPT-5,openai,promptlearn,148,18,4,0.6216216216216216,0.5541666666666667,0.5500841750841751,0.6057876057876057,0.3783783783783784,6.74,,,
lymph,gpt-5.4-mini,GPT-5.4 mini,2026-03-01,GPT-5,openai,logreg,148,18,4,0.8648648648648649,0.6875,0.6852159468438539,0.8522043638322708,0.1351351351351351,0.03,0.28254349154122393,,0.9814171122994653
lymph,gpt-5.4-mini,GPT-5.4 mini,2026-03-01,GPT-5,openai,xgboost,148,18,4,0.8918918918918919,0.7041666666666666,0.7003284072249589,0.8795544312785692,0.10810810810810811,0.06,0.4461190402507782,,0.8960710041592395
adult,gpt-5.5,GPT-5.5,2026-04-01,GPT-5,openai,promptlearn,2000,14,2,0.8,0.6678809957498482,0.6875,0.7835,0.19999999999999996,252.13,,,
adult,gpt-5.5,GPT-5.5,2026-04-01,GPT-5,openai,logreg,2000,14,2,0.86,0.7908318154219793,0.8023715415019763,0.8570118577075099,0.14,0.03,0.33394614404686684,0.8939847341486685,
adult,gpt-5.5,GPT-5.5,2026-04-01,GPT-5,openai,xgboost,2000,14,2,0.872,0.80431954202446,0.8181983456049451,0.8688351968002909,0.128,0.05,0.32798755168914795,0.9030705178246162,
credit-g,gpt-5.5,GPT-5.5,2026-04-01,GPT-5,openai,promptlearn,1000,20,2,0.744,0.7066666666666667,0.7018485390578414,0.7466905187835421,0.256,163.44,,,
credit-g,gpt-5.5,GPT-5.5,2026-04-01,GPT-5,openai,logreg,1000,20,2,0.724,0.6428571428571429,0.649923896499239,0.714337899543379,0.276,0.03,0.5215249559996268,0.7748571428571429,
credit-g,gpt-5.5,GPT-5.5,2026-04-01,GPT-5,openai,xgboost,1000,20,2,0.768,0.6857142857142857,0.6985446985446986,0.7564241164241166,0.23199999999999998,0.05,0.5478785634040833,0.7715047619047619,
bank-marketing,gpt-5.5,GPT-5.5,2026-04-01,GPT-5,openai,promptlearn,2000,16,2,0.874,0.5680880836647518,0.5861307826726754,0.8456963119654188,0.126,106.02,,,
bank-marketing,gpt-5.5,GPT-5.5,2026-04-01,GPT-5,openai,logreg,2000,16,2,0.868,0.6062012078362056,0.6266799402687905,0.8523922349427577,0.132,0.03,0.2748180578146323,0.8805052290469878,
bank-marketing,gpt-5.5,GPT-5.5,2026-04-01,GPT-5,openai,xgboost,2000,16,2,0.866,0.6258285461776403,0.6435222133546156,0.8552985368449055,0.134,0.06,0.3113917112350464,0.8533289144203859,
mushroom,gpt-5.5,GPT-5.5,2026-04-01,GPT-5,openai,promptlearn,2000,22,2,0.996,0.99609375,0.9959983993597439,0.9960003201280513,0.0040000000000000036,141.46,,,
mushroom,gpt-5.5,GPT-5.5,2026-04-01,GPT-5,openai,logreg,2000,22,2,1.0,1.0,1.0,1.0,0.0,0.03,0.01348994363039534,1.0,
mushroom,gpt-5.5,GPT-5.5,2026-04-01,GPT-5,openai,xgboost,2000,22,2,1.0,1.0,1.0,1.0,0.0,0.05,0.0030644212383776903,1.0,
car,gpt-5.5,GPT-5.5,2026-04-01,GPT-5,openai,promptlearn,1728,6,4,0.9236111111111112,0.6927887182100563,0.7472376515502301,0.9183053550985382,0.07638888888888884,161.83,,,
car,gpt-5.5,GPT-5.5,2026-04-01,GPT-5,openai,logreg,1728,6,4,0.9097222222222222,0.7727276863715783,0.7871440397350994,0.907924944812362,0.09027777777777779,0.03,0.20563063396817768,,0.9902566157872431
car,gpt-5.5,GPT-5.5,2026-04-01,GPT-5,openai,xgboost,1728,6,4,0.9837962962962963,0.9924453382838284,0.9882049376251087,0.9839345239603482,0.01620370370370372,0.09,0.060274917632341385,,0.9995327894630202
nursery,gpt-5.5,GPT-5.5,2026-04-01,GPT-5,openai,promptlearn,2000,8,4,0.818,0.6467873575810692,0.6509725059922167,0.8112519172488145,0.18200000000000005,88.58,,,
nursery,gpt-5.5,GPT-5.5,2026-04-01,GPT-5,openai,logreg,2000,8,4,0.932,0.8005683063102542,0.8366888518317738,0.9286703769612118,0.06799999999999995,0.03,0.1921312670297224,,0.9897957062673379
nursery,gpt-5.5,GPT-5.5,2026-04-01,GPT-5,openai,xgboost,2000,8,4,0.988,0.9744741454864154,0.974398052296603,0.9879748485545587,0.01200000000000001,0.09,0.04765864461660385,,0.9996801734366441
vote,gpt-5.5,GPT-5.5,2026-04-01,GPT-5,openai,promptlearn,435,16,2,0.9174311926605505,0.9283937455579246,0.9151163796833088,0.9183313977072555,0.08256880733944949,84.65,,,
vote,gpt-5.5,GPT-5.5,2026-04-01,GPT-5,openai,logreg,435,16,2,0.9724770642201835,0.9731698649609097,0.9710747456877488,0.9725354941590348,0.02752293577981646,0.03,0.09184150876618392,0.996090973702914,
vote,gpt-5.5,GPT-5.5,2026-04-01,GPT-5,openai,xgboost,435,16,2,0.981651376146789,0.9806325515280738,0.9806325515280738,0.981651376146789,0.01834862385321101,0.04,0.1058640405535698,0.9879175550817341,
tic-tac-toe,gpt-5.5,GPT-5.5,2026-04-01,GPT-5,openai,promptlearn,958,9,2,1.0,1.0,1.0,1.0,0.0,28.23,,,
tic-tac-toe,gpt-5.5,GPT-5.5,2026-04-01,GPT-5,openai,logreg,958,9,2,0.9791666666666666,0.9698795180722892,0.9766350590938297,0.9790064383392719,0.02083333333333337,0.02,0.21805792440320423,0.9864170056020259,
tic-tac-toe,gpt-5.5,GPT-5.5,2026-04-01,GPT-5,openai,xgboost,958,9,2,0.9958333333333333,0.9939759036144578,0.9953823953823954,0.9958273208273208,0.004166666666666652,0.04,0.048983704298734665,1.0,
kr-vs-kp,gpt-5.5,GPT-5.5,2026-04-01,GPT-5,openai,promptlearn,2000,36,2,0.748,0.750801282051282,0.7475961538461539,0.7471923076923076,0.252,181.73,,,
kr-vs-kp,gpt-5.5,GPT-5.5,2026-04-01,GPT-5,openai,logreg,2000,36,2,0.964,0.9639423076923077,0.9639423076923077,0.964,0.03600000000000003,0.04,0.11153865948464041,0.9953846153846153,
kr-vs-kp,gpt-5.5,GPT-5.5,2026-04-01,GPT-5,openai,xgboost,2000,36,2,0.992,0.9916666666666667,0.9919815254346014,0.9919969209057669,0.008000000000000007,0.07,0.04252111166715622,0.9998557692307692,
monks-2,gpt-5.5,GPT-5.5,2026-04-01,GPT-5,openai,promptlearn,601,6,2,0.6423841059602649,0.5994560994560995,0.6002941176470589,0.6406661472536034,0.35761589403973515,76.32,,,
monks-2,gpt-5.5,GPT-5.5,2026-04-01,GPT-5,openai,logreg,601,6,2,0.5827814569536424,0.4444444444444444,0.3682008368200837,0.4828063953005071,0.41721854304635764,0.02,0.6614513474582837,0.5184537684537684,
monks-2,gpt-5.5,GPT-5.5,2026-04-01,GPT-5,openai,xgboost,601,6,2,0.9006622516556292,0.905982905982906,0.8931654167256262,0.9019741977683796,0.09933774834437081,0.03,0.2855679988861084,0.9489121989121989,
soybean,gpt-5.5,GPT-5.5,2026-04-01,GPT-5,openai,promptlearn,683,35,19,0.6900584795321637,0.7580819638027877,0.7176001142483845,0.6874429932849639,0.3099415204678363,255.9,,,
soybean,gpt-5.5,GPT-5.5,2026-04-01,GPT-5,openai,logreg,683,35,19,0.8771929824561403,0.9189931350114415,0.9246294551382719,0.8782737486892376,0.1228070175438597,0.1,0.28947136843678234,,0.9971611226897819
soybean,gpt-5.5,GPT-5.5,2026-04-01,GPT-5,openai,xgboost,683,35,19,0.9122807017543859,0.9244851258581236,0.9370323675815666,0.9132366644571069,0.08771929824561409,0.27,0.2647865116596222,,0.997196554167688
hepatitis,gpt-5.5,GPT-5.5,2026-04-01,GPT-5,openai,promptlearn,155,19,2,0.8205128205128205,0.8870967741935484,0.784189723320158,0.8364041755346104,0.17948717948717952,85.41,,,
hepatitis,gpt-5.5,GPT-5.5,2026-04-01,GPT-5,openai,logreg,155,19,2,0.8717948717948718,0.780241935483871,0.7936507936507936,0.8685388685388685,0.1282051282051282,0.02,0.3412437213472291,0.8991935483870968,
hepatitis,gpt-5.5,GPT-5.5,2026-04-01,GPT-5,openai,xgboost,155,19,2,0.8461538461538461,0.7641129032258065,0.7641129032258065,0.8461538461538461,0.15384615384615385,0.03,0.40912771224975586,0.8669354838709677,
lymph,gpt-5.5,GPT-5.5,2026-04-01,GPT-5,openai,promptlearn,148,18,4,0.8918918918918919,0.9375,0.9404761904761905,0.8906048906048906,0.10810810810810811,162.52,,,
lymph,gpt-5.5,GPT-5.5,2026-04-01,GPT-5,openai,logreg,148,18,4,0.8648648648648649,0.6875,0.6852159468438539,0.8522043638322708,0.1351351351351351,0.03,0.28254349154122393,,0.9814171122994653
lymph,gpt-5.5,GPT-5.5,2026-04-01,GPT-5,openai,xgboost,148,18,4,0.8918918918918919,0.7041666666666666,0.7003284072249589,0.8795544312785692,0.10810810810810811,0.06,0.4461190402507782,,0.8960710041592395
adult,vertex_ai/gemini-2.5-flash-lite,Gemini 2.5 Flash Lite,2025-07-22,Gemini 2.5,google,promptlearn,2000,14,2,0.68,0.6828866337063058,0.6370499419279907,0.7009756097560976,0.31999999999999995,46.33,,,
adult,vertex_ai/gemini-2.5-flash-lite,Gemini 2.5 Flash Lite,2025-07-22,Gemini 2.5,google,logreg,2000,14,2,0.86,0.7908318154219793,0.8023715415019763,0.8570118577075099,0.14,0.04,0.33394614404686684,0.8939847341486685,
adult,vertex_ai/gemini-2.5-flash-lite,Gemini 2.5 Flash Lite,2025-07-22,Gemini 2.5,google,xgboost,2000,14,2,0.872,0.80431954202446,0.8181983456049451,0.8688351968002909,0.128,0.37,0.32798755168914795,0.9030705178246162,
credit-g,vertex_ai/gemini-2.5-flash-lite,Gemini 2.5 Flash Lite,2025-07-22,Gemini 2.5,google,promptlearn,1000,20,2,0.664,0.5619047619047619,0.5634095634095634,0.6472349272349273,0.33599999999999997,26.95,,,
credit-g,vertex_ai/gemini-2.5-flash-lite,Gemini 2.5 Flash Lite,2025-07-22,Gemini 2.5,google,logreg,1000,20,2,0.724,0.6428571428571429,0.649923896499239,0.714337899543379,0.276,0.03,0.5215249559996268,0.7748571428571429,
credit-g,vertex_ai/gemini-2.5-flash-lite,Gemini 2.5 Flash Lite,2025-07-22,Gemini 2.5,google,xgboost,1000,20,2,0.768,0.6857142857142857,0.6985446985446986,0.7564241164241166,0.23199999999999998,0.07,0.5478785634040833,0.7715047619047619,
bank-marketing,vertex_ai/gemini-2.5-flash-lite,Gemini 2.5 Flash Lite,2025-07-22,Gemini 2.5,google,logreg,2000,16,2,0.868,0.6062012078362056,0.6266799402687905,0.8523922349427577,0.132,0.03,0.2748180578146323,0.8805052290469878,
bank-marketing,vertex_ai/gemini-2.5-flash-lite,Gemini 2.5 Flash Lite,2025-07-22,Gemini 2.5,google,xgboost,2000,16,2,0.866,0.6258285461776403,0.6435222133546156,0.8552985368449055,0.134,0.05,0.3113917112350464,0.8533289144203859,
mushroom,vertex_ai/gemini-2.5-flash-lite,Gemini 2.5 Flash Lite,2025-07-22,Gemini 2.5,google,promptlearn,2000,22,2,0.432,0.4248527151639344,0.3724699934595464,0.3771086952678934,0.5680000000000001,6.93,,,
mushroom,vertex_ai/gemini-2.5-flash-lite,Gemini 2.5 Flash Lite,2025-07-22,Gemini 2.5,google,logreg,2000,22,2,1.0,1.0,1.0,1.0,0.0,0.03,0.01348994363039534,1.0,
mushroom,vertex_ai/gemini-2.5-flash-lite,Gemini 2.5 Flash Lite,2025-07-22,Gemini 2.5,google,xgboost,2000,22,2,1.0,1.0,1.0,1.0,0.0,0.05,0.0030644212383776903,1.0,
car,vertex_ai/gemini-2.5-flash-lite,Gemini 2.5 Flash Lite,2025-07-22,Gemini 2.5,google,promptlearn,1728,6,4,0.17824074074074073,0.2610294117647059,0.105462306169581,0.07741656051052702,0.8217592592592593,371.14,,,
car,vertex_ai/gemini-2.5-flash-lite,Gemini 2.5 Flash Lite,2025-07-22,Gemini 2.5,google,logreg,1728,6,4,0.9097222222222222,0.7727276863715783,0.7871440397350994,0.907924944812362,0.09027777777777779,0.04,0.20563063396817768,,0.9902566157872431
car,vertex_ai/gemini-2.5-flash-lite,Gemini 2.5 Flash Lite,2025-07-22,Gemini 2.5,google,xgboost,1728,6,4,0.9837962962962963,0.9924453382838284,0.9882049376251087,0.9839345239603482,0.01620370370370372,0.13,0.060274917632341385,,0.9995327894630202
nursery,vertex_ai/gemini-2.5-flash-lite,Gemini 2.5 Flash Lite,2025-07-22,Gemini 2.5,google,promptlearn,2000,8,4,0.326,0.25,0.1229260935143288,0.16029562594268476,0.6739999999999999,404.57,,,
nursery,vertex_ai/gemini-2.5-flash-lite,Gemini 2.5 Flash Lite,2025-07-22,Gemini 2.5,google,logreg,2000,8,4,0.932,0.8005683063102542,0.8366888518317738,0.9286703769612118,0.06799999999999995,0.03,0.1921312670297224,,0.9897957062673379
nursery,vertex_ai/gemini-2.5-flash-lite,Gemini 2.5 Flash Lite,2025-07-22,Gemini 2.5,google,xgboost,2000,8,4,0.988,0.9744741454864154,0.974398052296603,0.9879748485545587,0.01200000000000001,0.09,0.04765864461660385,,0.9996801734366441
vote,vertex_ai/gemini-2.5-flash-lite,Gemini 2.5 Flash Lite,2025-07-22,Gemini 2.5,google,promptlearn,435,16,2,0.6146788990825688,0.5,0.3806818181818182,0.4679941618015012,0.3853211009174312,17.52,,,
vote,vertex_ai/gemini-2.5-flash-lite,Gemini 2.5 Flash Lite,2025-07-22,Gemini 2.5,google,logreg,435,16,2,0.9724770642201835,0.9731698649609097,0.9710747456877488,0.9725354941590348,0.02752293577981646,0.03,0.09184150876618392,0.996090973702914,
vote,vertex_ai/gemini-2.5-flash-lite,Gemini 2.5 Flash Lite,2025-07-22,Gemini 2.5,google,xgboost,435,16,2,0.981651376146789,0.9806325515280738,0.9806325515280738,0.981651376146789,0.01834862385321101,0.04,0.1058640405535698,0.9879175550817341,
tic-tac-toe,vertex_ai/gemini-2.5-flash-lite,Gemini 2.5 Flash Lite,2025-07-22,Gemini 2.5,google,promptlearn,958,9,2,0.37916666666666665,0.38634793952881585,0.3734120656725832,0.3919268688709385,0.6208333333333333,22.79,,,
tic-tac-toe,vertex_ai/gemini-2.5-flash-lite,Gemini 2.5 Flash Lite,2025-07-22,Gemini 2.5,google,logreg,958,9,2,0.9791666666666666,0.9698795180722892,0.9766350590938297,0.9790064383392719,0.02083333333333337,0.02,0.21805792440320423,0.9864170056020259,
tic-tac-toe,vertex_ai/gemini-2.5-flash-lite,Gemini 2.5 Flash Lite,2025-07-22,Gemini 2.5,google,xgboost,958,9,2,0.9958333333333333,0.9939759036144578,0.9953823953823954,0.9958273208273208,0.004166666666666652,0.04,0.048983704298734665,1.0,
kr-vs-kp,vertex_ai/gemini-2.5-flash-lite,Gemini 2.5 Flash Lite,2025-07-22,Gemini 2.5,google,promptlearn,2000,36,2,0.378,0.3879807692307692,0.3419688461391979,0.33580967453906085,0.622,231.64,,,
kr-vs-kp,vertex_ai/gemini-2.5-flash-lite,Gemini 2.5 Flash Lite,2025-07-22,Gemini 2.5,google,logreg,2000,36,2,0.964,0.9639423076923077,0.9639423076923077,0.964,0.03600000000000003,0.04,0.11153865948464041,0.9953846153846153,
kr-vs-kp,vertex_ai/gemini-2.5-flash-lite,Gemini 2.5 Flash Lite,2025-07-22,Gemini 2.5,google,xgboost,2000,36,2,0.992,0.9916666666666667,0.9919815254346014,0.9919969209057669,0.008000000000000007,0.06,0.04252111166715622,0.9998557692307692,
monks-2,vertex_ai/gemini-2.5-flash-lite,Gemini 2.5 Flash Lite,2025-07-22,Gemini 2.5,google,promptlearn,601,6,2,0.695364238410596,0.5576923076923077,0.5091859807801018,0.6032760679697065,0.304635761589404,22.9,,,
monks-2,vertex_ai/gemini-2.5-flash-lite,Gemini 2.5 Flash Lite,2025-07-22,Gemini 2.5,google,logreg,601,6,2,0.5827814569536424,0.4444444444444444,0.3682008368200837,0.4828063953005071,0.41721854304635764,0.02,0.6614513474582837,0.5184537684537684,
monks-2,vertex_ai/gemini-2.5-flash-lite,Gemini 2.5 Flash Lite,2025-07-22,Gemini 2.5,google,xgboost,601,6,2,0.9006622516556292,0.905982905982906,0.8931654167256262,0.9019741977683796,0.09933774834437081,0.04,0.2855679988861084,0.9489121989121989,
soybean,vertex_ai/gemini-2.5-flash-lite,Gemini 2.5 Flash Lite,2025-07-22,Gemini 2.5,google,promptlearn,683,35,19,0.023391812865497075,0.05263157894736842,0.002406015037593985,0.0010693400167084378,0.9766081871345029,344.9,,,
soybean,vertex_ai/gemini-2.5-flash-lite,Gemini 2.5 Flash Lite,2025-07-22,Gemini 2.5,google,logreg,683,35,19,0.8771929824561403,0.9189931350114415,0.9246294551382719,0.8782737486892376,0.1228070175438597,0.08,0.28947136843678234,,0.9971611226897819
soybean,vertex_ai/gemini-2.5-flash-lite,Gemini 2.5 Flash Lite,2025-07-22,Gemini 2.5,google,xgboost,683,35,19,0.9122807017543859,0.9244851258581236,0.9370323675815666,0.9132366644571069,0.08771929824561409,0.24,0.2647865116596222,,0.997196554167688
hepatitis,vertex_ai/gemini-2.5-flash-lite,Gemini 2.5 Flash Lite,2025-07-22,Gemini 2.5,google,promptlearn,155,19,2,0.4358974358974359,0.41330645161290325,0.3871428571428572,0.4890842490842492,0.5641025641025641,48.44,,,
hepatitis,vertex_ai/gemini-2.5-flash-lite,Gemini 2.5 Flash Lite,2025-07-22,Gemini 2.5,google,logreg,155,19,2,0.8717948717948718,0.780241935483871,0.7936507936507936,0.8685388685388685,0.1282051282051282,0.03,0.3412437213472291,0.8991935483870968,
hepatitis,vertex_ai/gemini-2.5-flash-lite,Gemini 2.5 Flash Lite,2025-07-22,Gemini 2.5,google,xgboost,155,19,2,0.8461538461538461,0.7641129032258065,0.7641129032258065,0.8461538461538461,0.15384615384615385,0.04,0.40912771224975586,0.8669354838709677,
lymph,vertex_ai/gemini-2.5-flash-lite,Gemini 2.5 Flash Lite,2025-07-22,Gemini 2.5,google,promptlearn,148,18,4,0.32432432432432434,0.175,0.1715686274509804,0.32591414944356123,0.6756756756756757,71.4,,,
lymph,vertex_ai/gemini-2.5-flash-lite,Gemini 2.5 Flash Lite,2025-07-22,Gemini 2.5,google,logreg,148,18,4,0.8648648648648649,0.6875,0.6852159468438539,0.8522043638322708,0.1351351351351351,0.03,0.28254349154122393,,0.9814171122994653
lymph,vertex_ai/gemini-2.5-flash-lite,Gemini 2.5 Flash Lite,2025-07-22,Gemini 2.5,google,xgboost,148,18,4,0.8918918918918919,0.7041666666666666,0.7003284072249589,0.8795544312785692,0.10810810810810811,0.06,0.4461190402507782,,0.8960710041592395
adult,vertex_ai/gemini-2.5-flash,Gemini 2.5 Flash,2025-06-17,Gemini 2.5,google,promptlearn,2000,14,2,0.72,0.7454245814901552,0.6853140565715417,0.7388056319792846,0.28,280.62,,,
adult,vertex_ai/gemini-2.5-flash,Gemini 2.5 Flash,2025-06-17,Gemini 2.5,google,logreg,2000,14,2,0.86,0.7908318154219793,0.8023715415019763,0.8570118577075099,0.14,0.03,0.33394614404686684,0.8939847341486685,
adult,vertex_ai/gemini-2.5-flash,Gemini 2.5 Flash,2025-06-17,Gemini 2.5,google,xgboost,2000,14,2,0.872,0.80431954202446,0.8181983456049451,0.8688351968002909,0.128,0.05,0.32798755168914795,0.9030705178246162,
credit-g,vertex_ai/gemini-2.5-flash,Gemini 2.5 Flash,2025-06-17,Gemini 2.5,google,promptlearn,1000,20,2,0.544,0.5676190476190477,0.5307560590094836,0.5622892518440463,0.45599999999999996,107.58,,,
credit-g,vertex_ai/gemini-2.5-flash,Gemini 2.5 Flash,2025-06-17,Gemini 2.5,google,logreg,1000,20,2,0.724,0.6428571428571429,0.649923896499239,0.714337899543379,0.276,0.03,0.5215249559996268,0.7748571428571429,
credit-g,vertex_ai/gemini-2.5-flash,Gemini 2.5 Flash,2025-06-17,Gemini 2.5,google,xgboost,1000,20,2,0.768,0.6857142857142857,0.6985446985446986,0.7564241164241166,0.23199999999999998,0.05,0.5478785634040833,0.7715047619047619,
bank-marketing,vertex_ai/gemini-2.5-flash,Gemini 2.5 Flash,2025-06-17,Gemini 2.5,google,promptlearn,2000,16,2,0.73,0.7628148475475033,0.6245306633291614,0.7741777221526909,0.27,132.14,,,
bank-marketing,vertex_ai/gemini-2.5-flash,Gemini 2.5 Flash,2025-06-17,Gemini 2.5,google,logreg,2000,16,2,0.868,0.6062012078362056,0.6266799402687905,0.8523922349427577,0.132,0.03,0.2748180578146323,0.8805052290469878,
bank-marketing,vertex_ai/gemini-2.5-flash,Gemini 2.5 Flash,2025-06-17,Gemini 2.5,google,xgboost,2000,16,2,0.866,0.6258285461776403,0.6435222133546156,0.8552985368449055,0.134,0.05,0.3113917112350464,0.8533289144203859,
mushroom,vertex_ai/gemini-2.5-flash,Gemini 2.5 Flash,2025-06-17,Gemini 2.5,google,promptlearn,2000,22,2,0.99,0.9897540983606558,0.989988426621174,0.9899965960650512,0.010000000000000009,91.44,,,
mushroom,vertex_ai/gemini-2.5-flash,Gemini 2.5 Flash,2025-06-17,Gemini 2.5,google,logreg,2000,22,2,1.0,1.0,1.0,1.0,0.0,0.03,0.01348994363039534,1.0,
mushroom,vertex_ai/gemini-2.5-flash,Gemini 2.5 Flash,2025-06-17,Gemini 2.5,google,xgboost,2000,22,2,1.0,1.0,1.0,1.0,0.0,0.05,0.0030644212383776903,1.0,
car,vertex_ai/gemini-2.5-flash,Gemini 2.5 Flash,2025-06-17,Gemini 2.5,google,promptlearn,1728,6,4,0.7037037037037037,0.2647058823529412,0.23418104753254615,0.5834482681288615,0.2962962962962963,200.87,,,
car,vertex_ai/gemini-2.5-flash,Gemini 2.5 Flash,2025-06-17,Gemini 2.5,google,logreg,1728,6,4,0.9097222222222222,0.7727276863715783,0.7871440397350994,0.907924944812362,0.09027777777777779,0.03,0.20563063396817768,,0.9902566157872431
car,vertex_ai/gemini-2.5-flash,Gemini 2.5 Flash,2025-06-17,Gemini 2.5,google,xgboost,1728,6,4,0.9837962962962963,0.9924453382838284,0.9882049376251087,0.9839345239603482,0.01620370370370372,0.09,0.060274917632341385,,0.9995327894630202
nursery,vertex_ai/gemini-2.5-flash,Gemini 2.5 Flash,2025-06-17,Gemini 2.5,google,promptlearn,2000,8,4,0.698,0.5363401073619632,0.4903584431438982,0.6372293900576631,0.30200000000000005,159.18,,,
nursery,vertex_ai/gemini-2.5-flash,Gemini 2.5 Flash,2025-06-17,Gemini 2.5,google,logreg,2000,8,4,0.932,0.8005683063102542,0.8366888518317738,0.9286703769612118,0.06799999999999995,0.03,0.1921312670297224,,0.9897957062673379
nursery,vertex_ai/gemini-2.5-flash,Gemini 2.5 Flash,2025-06-17,Gemini 2.5,google,xgboost,2000,8,4,0.988,0.9744741454864154,0.974398052296603,0.9879748485545587,0.01200000000000001,0.09,0.04765864461660385,,0.9996801734366441
vote,vertex_ai/gemini-2.5-flash,Gemini 2.5 Flash,2025-06-17,Gemini 2.5,google,promptlearn,435,16,2,0.8990825688073395,0.8823738450604122,0.8908114015117021,0.8977040409247331,0.1009174311926605,126.35,,,
vote,vertex_ai/gemini-2.5-flash,Gemini 2.5 Flash,2025-06-17,Gemini 2.5,google,logreg,435,16,2,0.9724770642201835,0.9731698649609097,0.9710747456877488,0.9725354941590348,0.02752293577981646,0.03,0.09184150876618392,0.996090973702914,
vote,vertex_ai/gemini-2.5-flash,Gemini 2.5 Flash,2025-06-17,Gemini 2.5,google,xgboost,435,16,2,0.981651376146789,0.9806325515280738,0.9806325515280738,0.981651376146789,0.01834862385321101,0.05,0.1058640405535698,0.9879175550817341,
tic-tac-toe,vertex_ai/gemini-2.5-flash,Gemini 2.5 Flash,2025-06-17,Gemini 2.5,google,promptlearn,958,9,2,0.9791666666666666,0.9698795180722892,0.9766350590938297,0.9790064383392719,0.02083333333333337,94.78,,,
tic-tac-toe,vertex_ai/gemini-2.5-flash,Gemini 2.5 Flash,2025-06-17,Gemini 2.5,google,logreg,958,9,2,0.9791666666666666,0.9698795180722892,0.9766350590938297,0.9790064383392719,0.02083333333333337,0.02,0.21805792440320423,0.9864170056020259,
tic-tac-toe,vertex_ai/gemini-2.5-flash,Gemini 2.5 Flash,2025-06-17,Gemini 2.5,google,xgboost,958,9,2,0.9958333333333333,0.9939759036144578,0.9953823953823954,0.9958273208273208,0.004166666666666652,0.04,0.048983704298734665,1.0,
kr-vs-kp,vertex_ai/gemini-2.5-flash,Gemini 2.5 Flash,2025-06-17,Gemini 2.5,google,promptlearn,2000,36,2,0.48,0.5,0.32432432432432434,0.31135135135135134,0.52,309.63,,,
kr-vs-kp,vertex_ai/gemini-2.5-flash,Gemini 2.5 Flash,2025-06-17,Gemini 2.5,google,logreg,2000,36,2,0.964,0.9639423076923077,0.9639423076923077,0.964,0.03600000000000003,0.05,0.11153865948464041,0.9953846153846153,
kr-vs-kp,vertex_ai/gemini-2.5-flash,Gemini 2.5 Flash,2025-06-17,Gemini 2.5,google,xgboost,2000,36,2,0.992,0.9916666666666667,0.9919815254346014,0.9919969209057669,0.008000000000000007,0.06,0.04252111166715622,0.9998557692307692,
monks-2,vertex_ai/gemini-2.5-flash,Gemini 2.5 Flash,2025-06-17,Gemini 2.5,google,promptlearn,601,6,2,0.695364238410596,0.5576923076923077,0.5091859807801018,0.6032760679697065,0.304635761589404,143.8,,,
monks-2,vertex_ai/gemini-2.5-flash,Gemini 2.5 Flash,2025-06-17,Gemini 2.5,google,logreg,601,6,2,0.5827814569536424,0.4444444444444444,0.3682008368200837,0.4828063953005071,0.41721854304635764,0.02,0.6614513474582837,0.5184537684537684,
monks-2,vertex_ai/gemini-2.5-flash,Gemini 2.5 Flash,2025-06-17,Gemini 2.5,google,xgboost,601,6,2,0.9006622516556292,0.905982905982906,0.8931654167256262,0.9019741977683796,0.09933774834437081,0.04,0.2855679988861084,0.9489121989121989,
soybean,vertex_ai/gemini-2.5-flash,Gemini 2.5 Flash,2025-06-17,Gemini 2.5,google,promptlearn,683,35,19,0.36257309941520466,0.2910755148741419,0.26522356869678787,0.30714105598320396,0.6374269005847953,215.32,,,
soybean,vertex_ai/gemini-2.5-flash,Gemini 2.5 Flash,2025-06-17,Gemini 2.5,google,logreg,683,35,19,0.8771929824561403,0.9189931350114415,0.9246294551382719,0.8782737486892376,0.1228070175438597,0.08,0.28947136843678234,,0.9971611226897819
soybean,vertex_ai/gemini-2.5-flash,Gemini 2.5 Flash,2025-06-17,Gemini 2.5,google,xgboost,683,35,19,0.9122807017543859,0.9244851258581236,0.9370323675815666,0.9132366644571069,0.08771929824561409,0.23,0.2647865116596222,,0.997196554167688
hepatitis,vertex_ai/gemini-2.5-flash,Gemini 2.5 Flash,2025-06-17,Gemini 2.5,google,promptlearn,155,19,2,0.6923076923076923,0.8064516129032258,0.6657142857142857,0.7213186813186814,0.3076923076923077,489.36,,,
hepatitis,vertex_ai/gemini-2.5-flash,Gemini 2.5 Flash,2025-06-17,Gemini 2.5,google,logreg,155,19,2,0.8717948717948718,0.780241935483871,0.7936507936507936,0.8685388685388685,0.1282051282051282,0.02,0.3412437213472291,0.8991935483870968,
hepatitis,vertex_ai/gemini-2.5-flash,Gemini 2.5 Flash,2025-06-17,Gemini 2.5,google,xgboost,155,19,2,0.8461538461538461,0.7641129032258065,0.7641129032258065,0.8461538461538461,0.15384615384615385,0.04,0.40912771224975586,0.8669354838709677,
lymph,vertex_ai/gemini-2.5-flash,Gemini 2.5 Flash,2025-06-17,Gemini 2.5,google,promptlearn,148,18,4,0.32432432432432434,0.6666666666666666,0.45518518518518514,0.3294894894894895,0.6756756756756757,123.03,,,
lymph,vertex_ai/gemini-2.5-flash,Gemini 2.5 Flash,2025-06-17,Gemini 2.5,google,logreg,148,18,4,0.8648648648648649,0.6875,0.6852159468438539,0.8522043638322708,0.1351351351351351,0.02,0.28254349154122393,,0.9814171122994653
lymph,vertex_ai/gemini-2.5-flash,Gemini 2.5 Flash,2025-06-17,Gemini 2.5,google,xgboost,148,18,4,0.8918918918918919,0.7041666666666666,0.7003284072249589,0.8795544312785692,0.10810810810810811,0.06,0.4461190402507782,,0.8960710041592395
adult,vertex_ai/gemini-2.5-pro,Gemini 2.5 Pro,2025-06-17,Gemini 2.5,google,promptlearn,2000,14,2,0.806,0.8134053257004077,0.7686057662488848,0.8162322530164743,0.19399999999999995,178.03,,,
adult,vertex_ai/gemini-2.5-pro,Gemini 2.5 Pro,2025-06-17,Gemini 2.5,google,logreg,2000,14,2,0.86,0.7908318154219793,0.8023715415019763,0.8570118577075099,0.14,0.03,0.33394614404686684,0.8939847341486685,
adult,vertex_ai/gemini-2.5-pro,Gemini 2.5 Pro,2025-06-17,Gemini 2.5,google,xgboost,2000,14,2,0.872,0.80431954202446,0.8181983456049451,0.8688351968002909,0.128,0.05,0.32798755168914795,0.9030705178246162,
credit-g,vertex_ai/gemini-2.5-pro,Gemini 2.5 Pro,2025-06-17,Gemini 2.5,google,promptlearn,1000,20,2,0.648,0.6533333333333333,0.6249318057828697,0.662138570649209,0.352,167.55,,,
credit-g,vertex_ai/gemini-2.5-pro,Gemini 2.5 Pro,2025-06-17,Gemini 2.5,google,logreg,1000,20,2,0.724,0.6428571428571429,0.649923896499239,0.714337899543379,0.276,0.03,0.5215249559996268,0.7748571428571429,
credit-g,vertex_ai/gemini-2.5-pro,Gemini 2.5 Pro,2025-06-17,Gemini 2.5,google,xgboost,1000,20,2,0.768,0.6857142857142857,0.6985446985446986,0.7564241164241166,0.23199999999999998,0.05,0.5478785634040833,0.7715047619047619,
bank-marketing,vertex_ai/gemini-2.5-pro,Gemini 2.5 Pro,2025-06-17,Gemini 2.5,google,promptlearn,2000,16,2,0.87,0.6142657239652378,0.6356461395307123,0.8553894101951816,0.13,217.68,,,
bank-marketing,vertex_ai/gemini-2.5-pro,Gemini 2.5 Pro,2025-06-17,Gemini 2.5,google,logreg,2000,16,2,0.868,0.6062012078362056,0.6266799402687905,0.8523922349427577,0.132,0.04,0.2748180578146323,0.8805052290469878,
bank-marketing,vertex_ai/gemini-2.5-pro,Gemini 2.5 Pro,2025-06-17,Gemini 2.5,google,xgboost,2000,16,2,0.866,0.6258285461776403,0.6435222133546156,0.8552985368449055,0.134,0.06,0.3113917112350464,0.8533289144203859,
mushroom,vertex_ai/gemini-2.5-pro,Gemini 2.5 Pro,2025-06-17,Gemini 2.5,google,promptlearn,2000,22,2,0.99,0.9897540983606558,0.989988426621174,0.9899965960650512,0.010000000000000009,141.74,,,
mushroom,vertex_ai/gemini-2.5-pro,Gemini 2.5 Pro,2025-06-17,Gemini 2.5,google,logreg,2000,22,2,1.0,1.0,1.0,1.0,0.0,0.04,0.01348994363039534,1.0,
mushroom,vertex_ai/gemini-2.5-pro,Gemini 2.5 Pro,2025-06-17,Gemini 2.5,google,xgboost,2000,22,2,1.0,1.0,1.0,1.0,0.0,0.06,0.0030644212383776903,1.0,
car,vertex_ai/gemini-2.5-pro,Gemini 2.5 Pro,2025-06-17,Gemini 2.5,google,promptlearn,1728,6,4,0.8912037037037037,0.661570568821588,0.6263866280822331,0.8827076760247315,0.10879629629629628,228.31,,,
car,vertex_ai/gemini-2.5-pro,Gemini 2.5 Pro,2025-06-17,Gemini 2.5,google,logreg,1728,6,4,0.9097222222222222,0.7727276863715783,0.7871440397350994,0.907924944812362,0.09027777777777779,0.03,0.20563063396817768,,0.9902566157872431
car,vertex_ai/gemini-2.5-pro,Gemini 2.5 Pro,2025-06-17,Gemini 2.5,google,xgboost,1728,6,4,0.9837962962962963,0.9924453382838284,0.9882049376251087,0.9839345239603482,0.01620370370370372,0.09,0.060274917632341385,,0.9995327894630202
nursery,vertex_ai/gemini-2.5-pro,Gemini 2.5 Pro,2025-06-17,Gemini 2.5,google,promptlearn,2000,8,4,0.422,0.42181885407537245,0.36223025032680967,0.34405642060492225,0.5780000000000001,158.75,,,
nursery,vertex_ai/gemini-2.5-pro,Gemini 2.5 Pro,2025-06-17,Gemini 2.5,google,logreg,2000,8,4,0.932,0.8005683063102542,0.8366888518317738,0.9286703769612118,0.06799999999999995,0.03,0.1921312670297224,,0.9897957062673379
nursery,vertex_ai/gemini-2.5-pro,Gemini 2.5 Pro,2025-06-17,Gemini 2.5,google,xgboost,2000,8,4,0.988,0.9744741454864154,0.974398052296603,0.9879748485545587,0.01200000000000001,0.09,0.04765864461660385,,0.9996801734366441
vote,vertex_ai/gemini-2.5-pro,Gemini 2.5 Pro,2025-06-17,Gemini 2.5,google,promptlearn,435,16,2,0.908256880733945,0.8853944562899787,0.8989992587101556,0.9060126087281779,0.09174311926605505,140.39,,,
vote,vertex_ai/gemini-2.5-pro,Gemini 2.5 Pro,2025-06-17,Gemini 2.5,google,logreg,435,16,2,0.9724770642201835,0.9731698649609097,0.9710747456877488,0.9725354941590348,0.02752293577981646,0.03,0.09184150876618392,0.996090973702914,
vote,vertex_ai/gemini-2.5-pro,Gemini 2.5 Pro,2025-06-17,Gemini 2.5,google,xgboost,435,16,2,0.981651376146789,0.9806325515280738,0.9806325515280738,0.981651376146789,0.01834862385321101,0.04,0.1058640405535698,0.9879175550817341,
tic-tac-toe,vertex_ai/gemini-2.5-pro,Gemini 2.5 Pro,2025-06-17,Gemini 2.5,google,promptlearn,958,9,2,1.0,1.0,1.0,1.0,0.0,84.16,,,
tic-tac-toe,vertex_ai/gemini-2.5-pro,Gemini 2.5 Pro,2025-06-17,Gemini 2.5,google,logreg,958,9,2,0.9791666666666666,0.9698795180722892,0.9766350590938297,0.9790064383392719,0.02083333333333337,0.02,0.21805792440320423,0.9864170056020259,
tic-tac-toe,vertex_ai/gemini-2.5-pro,Gemini 2.5 Pro,2025-06-17,Gemini 2.5,google,xgboost,958,9,2,0.9958333333333333,0.9939759036144578,0.9953823953823954,0.9958273208273208,0.004166666666666652,0.04,0.048983704298734665,1.0,
kr-vs-kp,vertex_ai/gemini-2.5-pro,Gemini 2.5 Pro,2025-06-17,Gemini 2.5,google,promptlearn,2000,36,2,0.638,0.625,0.5874643874643874,0.5932398860398861,0.362,156.25,,,
kr-vs-kp,vertex_ai/gemini-2.5-pro,Gemini 2.5 Pro,2025-06-17,Gemini 2.5,google,logreg,2000,36,2,0.964,0.9639423076923077,0.9639423076923077,0.964,0.03600000000000003,0.05,0.11153865948464041,0.9953846153846153,
kr-vs-kp,vertex_ai/gemini-2.5-pro,Gemini 2.5 Pro,2025-06-17,Gemini 2.5,google,xgboost,2000,36,2,0.992,0.9916666666666667,0.9919815254346014,0.9919969209057669,0.008000000000000007,0.06,0.04252111166715622,0.9998557692307692,
monks-2,vertex_ai/gemini-2.5-pro,Gemini 2.5 Pro,2025-06-17,Gemini 2.5,google,promptlearn,601,6,2,0.6556291390728477,0.5,0.396,0.5192582781456954,0.3443708609271523,805.42,,,
monks-2,vertex_ai/gemini-2.5-pro,Gemini 2.5 Pro,2025-06-17,Gemini 2.5,google,logreg,601,6,2,0.5827814569536424,0.4444444444444444,0.3682008368200837,0.4828063953005071,0.41721854304635764,0.02,0.6614513474582837,0.5184537684537684,
monks-2,vertex_ai/gemini-2.5-pro,Gemini 2.5 Pro,2025-06-17,Gemini 2.5,google,xgboost,601,6,2,0.9006622516556292,0.905982905982906,0.8931654167256262,0.9019741977683796,0.09933774834437081,0.04,0.2855679988861084,0.9489121989121989,
soybean,vertex_ai/gemini-2.5-pro,Gemini 2.5 Pro,2025-06-17,Gemini 2.5,google,promptlearn,683,35,19,0.7076023391812866,0.6697524443519868,0.6593716748010378,0.7019956812108245,0.29239766081871343,243.93,,,
soybean,vertex_ai/gemini-2.5-pro,Gemini 2.5 Pro,2025-06-17,Gemini 2.5,google,logreg,683,35,19,0.8771929824561403,0.9189931350114415,0.9246294551382719,0.8782737486892376,0.1228070175438597,0.08,0.28947136843678234,,0.9971611226897819
soybean,vertex_ai/gemini-2.5-pro,Gemini 2.5 Pro,2025-06-17,Gemini 2.5,google,xgboost,683,35,19,0.9122807017543859,0.9244851258581236,0.9370323675815666,0.9132366644571069,0.08771929824561409,0.22,0.2647865116596222,,0.997196554167688
hepatitis,vertex_ai/gemini-2.5-pro,Gemini 2.5 Pro,2025-06-17,Gemini 2.5,google,promptlearn,155,19,2,0.7692307692307693,0.8084677419354839,0.7225296442687748,0.7896625114016418,0.23076923076923073,169.53,,,
hepatitis,vertex_ai/gemini-2.5-pro,Gemini 2.5 Pro,2025-06-17,Gemini 2.5,google,logreg,155,19,2,0.8717948717948718,0.780241935483871,0.7936507936507936,0.8685388685388685,0.1282051282051282,0.03,0.3412437213472291,0.8991935483870968,
hepatitis,vertex_ai/gemini-2.5-pro,Gemini 2.5 Pro,2025-06-17,Gemini 2.5,google,xgboost,155,19,2,0.8461538461538461,0.7641129032258065,0.7641129032258065,0.8461538461538461,0.15384615384615385,0.04,0.40912771224975586,0.8669354838709677,
lymph,vertex_ai/gemini-2.5-pro,Gemini 2.5 Pro,2025-06-17,Gemini 2.5,google,promptlearn,148,18,4,0.7837837837837838,0.8708333333333333,0.8731884057971014,0.7708578143360751,0.21621621621621623,298.61,,,
lymph,vertex_ai/gemini-2.5-pro,Gemini 2.5 Pro,2025-06-17,Gemini 2.5,google,logreg,148,18,4,0.8648648648648649,0.6875,0.6852159468438539,0.8522043638322708,0.1351351351351351,0.03,0.28254349154122393,,0.9814171122994653
lymph,vertex_ai/gemini-2.5-pro,Gemini 2.5 Pro,2025-06-17,Gemini 2.5,google,xgboost,148,18,4,0.8918918918918919,0.7041666666666666,0.7003284072249589,0.8795544312785692,0.10810810810810811,0.06,0.4461190402507782,,0.8960710041592395
adult,vertex_ai/gemini-3.5-flash,Gemini 3.5 Flash,2026-05-19,Gemini 3,google,promptlearn,2000,14,2,0.786,0.8112802498048399,0.7528993907930774,0.7992040681535811,0.21399999999999997,162.38,,,
adult,vertex_ai/gemini-3.5-flash,Gemini 3.5 Flash,2026-05-19,Gemini 3,google,logreg,2000,14,2,0.86,0.7908318154219793,0.8023715415019763,0.8570118577075099,0.14,0.04,0.33394614404686684,0.8939847341486685,
adult,vertex_ai/gemini-3.5-flash,Gemini 3.5 Flash,2026-05-19,Gemini 3,google,xgboost,2000,14,2,0.872,0.80431954202446,0.8181983456049451,0.8688351968002909,0.128,0.26,0.32798755168914795,0.9030705178246162,
credit-g,vertex_ai/gemini-3.5-flash,Gemini 3.5 Flash,2026-05-19,Gemini 3,google,promptlearn,1000,20,2,0.704,0.7047619047619047,0.6788194444444444,0.7147916666666667,0.29600000000000004,225.38,,,
credit-g,vertex_ai/gemini-3.5-flash,Gemini 3.5 Flash,2026-05-19,Gemini 3,google,logreg,1000,20,2,0.724,0.6428571428571429,0.649923896499239,0.714337899543379,0.276,0.03,0.5215249559996268,0.7748571428571429,
credit-g,vertex_ai/gemini-3.5-flash,Gemini 3.5 Flash,2026-05-19,Gemini 3,google,xgboost,1000,20,2,0.768,0.6857142857142857,0.6985446985446986,0.7564241164241166,0.23199999999999998,0.06,0.5478785634040833,0.7715047619047619,
bank-marketing,vertex_ai/gemini-3.5-flash,Gemini 3.5 Flash,2026-05-19,Gemini 3,google,promptlearn,2000,16,2,0.832,0.8348799528649286,0.7248716067498167,0.8539750550256787,0.16800000000000004,113.43,,,
bank-marketing,vertex_ai/gemini-3.5-flash,Gemini 3.5 Flash,2026-05-19,Gemini 3,google,logreg,2000,16,2,0.868,0.6062012078362056,0.6266799402687905,0.8523922349427577,0.132,0.03,0.2748180578146323,0.8805052290469878,
bank-marketing,vertex_ai/gemini-3.5-flash,Gemini 3.5 Flash,2026-05-19,Gemini 3,google,xgboost,2000,16,2,0.866,0.6258285461776403,0.6435222133546156,0.8552985368449055,0.134,0.05,0.3113917112350464,0.8533289144203859,
mushroom,vertex_ai/gemini-3.5-flash,Gemini 3.5 Flash,2026-05-19,Gemini 3,google,promptlearn,2000,22,2,0.996,0.99609375,0.9959983993597439,0.9960003201280513,0.0040000000000000036,61.93,,,
mushroom,vertex_ai/gemini-3.5-flash,Gemini 3.5 Flash,2026-05-19,Gemini 3,google,logreg,2000,22,2,1.0,1.0,1.0,1.0,0.0,0.03,0.01348994363039534,1.0,
mushroom,vertex_ai/gemini-3.5-flash,Gemini 3.5 Flash,2026-05-19,Gemini 3,google,xgboost,2000,22,2,1.0,1.0,1.0,1.0,0.0,0.05,0.0030644212383776903,1.0,
car,vertex_ai/gemini-3.5-flash,Gemini 3.5 Flash,2026-05-19,Gemini 3,google,promptlearn,1728,6,4,0.9074074074074074,0.7260756406523006,0.7512734421715976,0.9059447018292692,0.09259259259259256,204.43,,,
car,vertex_ai/gemini-3.5-flash,Gemini 3.5 Flash,2026-05-19,Gemini 3,google,logreg,1728,6,4,0.9097222222222222,0.7727276863715783,0.7871440397350994,0.907924944812362,0.09027777777777779,0.04,0.20563063396817768,,0.9902566157872431
car,vertex_ai/gemini-3.5-flash,Gemini 3.5 Flash,2026-05-19,Gemini 3,google,xgboost,1728,6,4,0.9837962962962963,0.9924453382838284,0.9882049376251087,0.9839345239603482,0.01620370370370372,0.13,0.060274917632341385,,0.9995327894630202
nursery,vertex_ai/gemini-3.5-flash,Gemini 3.5 Flash,2026-05-19,Gemini 3,google,promptlearn,2000,8,4,0.85,0.7206712861524978,0.7446080270067517,0.8470075768942236,0.15000000000000002,175.81,,,
nursery,vertex_ai/gemini-3.5-flash,Gemini 3.5 Flash,2026-05-19,Gemini 3,google,logreg,2000,8,4,0.932,0.8005683063102542,0.8366888518317738,0.9286703769612118,0.06799999999999995,0.03,0.1921312670297224,,0.9897957062673379
nursery,vertex_ai/gemini-3.5-flash,Gemini 3.5 Flash,2026-05-19,Gemini 3,google,xgboost,2000,8,4,0.988,0.9744741454864154,0.974398052296603,0.9879748485545587,0.01200000000000001,0.09,0.04765864461660385,,0.9996801734366441
vote,vertex_ai/gemini-3.5-flash,Gemini 3.5 Flash,2026-05-19,Gemini 3,google,promptlearn,435,16,2,0.9174311926605505,0.923951670220327,0.9145544813169584,0.9181503704964484,0.08256880733944949,81.69,,,
vote,vertex_ai/gemini-3.5-flash,Gemini 3.5 Flash,2026-05-19,Gemini 3,google,logreg,435,16,2,0.9724770642201835,0.9731698649609097,0.9710747456877488,0.9725354941590348,0.02752293577981646,0.03,0.09184150876618392,0.996090973702914,
vote,vertex_ai/gemini-3.5-flash,Gemini 3.5 Flash,2026-05-19,Gemini 3,google,xgboost,435,16,2,0.981651376146789,0.9806325515280738,0.9806325515280738,0.981651376146789,0.01834862385321101,0.04,0.1058640405535698,0.9879175550817341,
tic-tac-toe,vertex_ai/gemini-3.5-flash,Gemini 3.5 Flash,2026-05-19,Gemini 3,google,promptlearn,958,9,2,1.0,1.0,1.0,1.0,0.0,57.13,,,
tic-tac-toe,vertex_ai/gemini-3.5-flash,Gemini 3.5 Flash,2026-05-19,Gemini 3,google,logreg,958,9,2,0.9791666666666666,0.9698795180722892,0.9766350590938297,0.9790064383392719,0.02083333333333337,0.02,0.21805792440320423,0.9864170056020259,
tic-tac-toe,vertex_ai/gemini-3.5-flash,Gemini 3.5 Flash,2026-05-19,Gemini 3,google,xgboost,958,9,2,0.9958333333333333,0.9939759036144578,0.9953823953823954,0.9958273208273208,0.004166666666666652,0.04,0.048983704298734665,1.0,
kr-vs-kp,vertex_ai/gemini-3.5-flash,Gemini 3.5 Flash,2026-05-19,Gemini 3,google,promptlearn,2000,36,2,0.752,0.7514423076923077,0.7515189406691354,0.7519562673335578,0.248,259.66,,,
kr-vs-kp,vertex_ai/gemini-3.5-flash,Gemini 3.5 Flash,2026-05-19,Gemini 3,google,logreg,2000,36,2,0.964,0.9639423076923077,0.9639423076923077,0.964,0.03600000000000003,0.04,0.11153865948464041,0.9953846153846153,
kr-vs-kp,vertex_ai/gemini-3.5-flash,Gemini 3.5 Flash,2026-05-19,Gemini 3,google,xgboost,2000,36,2,0.992,0.9916666666666667,0.9919815254346014,0.9919969209057669,0.008000000000000007,0.06,0.04252111166715622,0.9998557692307692,
monks-2,vertex_ai/gemini-3.5-flash,Gemini 3.5 Flash,2026-05-19,Gemini 3,google,promptlearn,601,6,2,1.0,1.0,1.0,1.0,0.0,104.96,,,
monks-2,vertex_ai/gemini-3.5-flash,Gemini 3.5 Flash,2026-05-19,Gemini 3,google,logreg,601,6,2,0.5827814569536424,0.4444444444444444,0.3682008368200837,0.4828063953005071,0.41721854304635764,0.02,0.6614513474582837,0.5184537684537684,
monks-2,vertex_ai/gemini-3.5-flash,Gemini 3.5 Flash,2026-05-19,Gemini 3,google,xgboost,601,6,2,0.9006622516556292,0.905982905982906,0.8931654167256262,0.9019741977683796,0.09933774834437081,0.04,0.2855679988861084,0.9489121989121989,
soybean,vertex_ai/gemini-3.5-flash,Gemini 3.5 Flash,2026-05-19,Gemini 3,google,promptlearn,683,35,19,0.8187134502923976,0.8172456833784064,0.7885580371628612,0.8162370654724774,0.18128654970760238,155.84,,,
soybean,vertex_ai/gemini-3.5-flash,Gemini 3.5 Flash,2026-05-19,Gemini 3,google,logreg,683,35,19,0.8771929824561403,0.9189931350114415,0.9246294551382719,0.8782737486892376,0.1228070175438597,0.08,0.28947136843678234,,0.9971611226897819
soybean,vertex_ai/gemini-3.5-flash,Gemini 3.5 Flash,2026-05-19,Gemini 3,google,xgboost,683,35,19,0.9122807017543859,0.9244851258581236,0.9370323675815666,0.9132366644571069,0.08771929824561409,0.22,0.2647865116596222,,0.997196554167688
hepatitis,vertex_ai/gemini-3.5-flash,Gemini 3.5 Flash,2026-05-19,Gemini 3,google,promptlearn,155,19,2,0.8205128205128205,0.655241935483871,0.676923076923077,0.8039447731755425,0.17948717948717952,169.4,,,
hepatitis,vertex_ai/gemini-3.5-flash,Gemini 3.5 Flash,2026-05-19,Gemini 3,google,logreg,155,19,2,0.8717948717948718,0.780241935483871,0.7936507936507936,0.8685388685388685,0.1282051282051282,0.03,0.3412437213472291,0.8991935483870968,
hepatitis,vertex_ai/gemini-3.5-flash,Gemini 3.5 Flash,2026-05-19,Gemini 3,google,xgboost,155,19,2,0.8461538461538461,0.7641129032258065,0.7641129032258065,0.8461538461538461,0.15384615384615385,0.04,0.40912771224975586,0.8669354838709677,
lymph,vertex_ai/gemini-3.5-flash,Gemini 3.5 Flash,2026-05-19,Gemini 3,google,promptlearn,148,18,4,0.8108108108108109,0.9041666666666667,0.8996723996723996,0.8117404874161632,0.18918918918918914,169.56,,,
lymph,vertex_ai/gemini-3.5-flash,Gemini 3.5 Flash,2026-05-19,Gemini 3,google,logreg,148,18,4,0.8648648648648649,0.6875,0.6852159468438539,0.8522043638322708,0.1351351351351351,0.03,0.28254349154122393,,0.9814171122994653
lymph,vertex_ai/gemini-3.5-flash,Gemini 3.5 Flash,2026-05-19,Gemini 3,google,xgboost,148,18,4,0.8918918918918919,0.7041666666666666,0.7003284072249589,0.8795544312785692,0.10810810810810811,0.06,0.4461190402507782,,0.8960710041592395
